Title,Price
Bratz X Beauty Creations Nightlife Black & White Liner Set,$14
Bratz X Beauty Creations Forever Shimmerin' Hair & Body Shimmer,$12
The Travel Pink Bag,$12
Bratz X Beauty Creations Keep on Playin' Baked Highlights,$12
Bratz X Beauty Creations Party Line Lip and Cheek Cream Cell Phone,$12
Bratz X Beauty Creations Lookin' Good Handheld Mirror,$22
Bratz X Beauty Creations Flaunt Black Liner,$7
Bratz X Beauty Creations Strut White Liner,$7
Bratz X Beauty Creations Glamour Glitter Liner,$7
Bratz X Beauty Creations Glitz Glitter Liner,$7
Bratz X Beauty Creations Kiss N' Makeup Lip Plumping Duo,$12
Bratz X Beauty Creations Yasmin Lip Oil,$8
Bratz X Beauty Creations Sasha Lip Oil,$8
Bratz X Beauty Creations Cloe Lip Oil,$8
Bratz X Beauty Creations Jade Lip Oil,$8
Bratz X Beauty Creations Unforgettable Night Multi-Use Liquid Tint,$7
Bratz X Beauty Creations Turnin' It Up Multi-Use Liquid Tint,$7
Bratz X Beauty Creations Girls Nite Out Shadow Palette,$18
"Tim Burton's Corpse Bride X Beauty Creations ""Learn Your Vows"" Handheld Mirror",$22
"Tim Burton's Corpse Bride X Beauty Creations ""Everlasting"" Setting Mist",$12
"Tim Burton's Corpse Bride X Beauty Creations ""Haunting Spell: Scraps/Black Widow"" Dual-Ended Liquid Liner",$7
"Tim Burton's Corpse Bride X Beauty Creations ""Hopscotch: Beloved/Departed"" Dual-Ended Liquid Liner",$7
"Tim Burton's Corpse Bride X Beauty Creations ""I Do: Vows"" pH Lip Oil",$8
"Tim Burton's Corpse Bride X Beauty Creations ""Promise"" 3D Winged Faux Mink (Lashes)",$8
"Tim Burton's Corpse Bride X Beauty Creations ""According To Plan"" Cream Contour Palette",$14
"Tim Burton's Corpse Bride x Beauty Creations ""Why So Blue?"" Multi-Use Palette",$16
LesDoMakeup Individual Lashes Simple Gal,$8
LesDoMakeup Tote Bag,$12
LesDoMakeup PR Box Full Collection with Bag,$84
LesDoMakeup PR Box Full Collection,$74
LesDoMakeup Individual Lashes Rushing Out,$8
LesDoMakeup Liquid Blush & Highlight,$16
LesDoMakeup Stay Focus  Dual Ended Lip Liner & Tinted Oil,$10
LesDoMakeup Locked In  Setting Mistlocked In  Setting Mist,$12
LesDoMakeup Getting It Done Multi-use Face Palette,$20
"Beauty Creations x My Little Pony ""Mane event blush and highlight stick""",$14
"Beauty Creations x My Little Pony ""I Want A Pony"" Reusable Cup with Blenders",$12
"Beauty Creations x My Little Pony ""Lost in the Clouds"" Shadow and Face Palette",$15
Beauty Creations x My Little Pony PR Collection,$75
"Beauty Creations x My Little Pony ""Sky's the Limit"" Handheld Mirror",$22
"Beauty Creations x My Little Pony ""Made in the 80s"" Lip Oil Set",$12
"Beauty Creations x My Little Pony ""Made in the 80s: Happiness"" Lip Oil",$6
"Beauty Creations x My Little Pony ""Pony Dreams"" Lip Balm Set",$12
"Beauty Creations x My Little Pony ""Pony Dreams"" Lip Balm",$7
"Beauty Creations x My Little Pony ""Full of Fun"" Glitter Liners Set",$12
"Beauty Creations x My Little Pony ""Full of Fun: Unicorn Magic"" Silver Glitter Liner",$5
"Beauty Creations x My Little Pony ""Rainbow Magic"" 6 PIece Eye Brush Set",$12
"Beauty Creations x My Little Pony ""Full of Magic"" Body and Face Gel Glitter",$6
"Beauty Creations x My Little Pony ""Pony Talk"" Lip Plumper Set",$12
"Beauty Creations x My Little Pony ""Pony Talk"" Lip Plumper",$7
"Beauty Creations x My Little Pony ""Better Together"" Body Lotion",$8
The Travel Pink Bag,$12
YeriMua Secret Fantasy Glitter Set Bundle,$12
Louie Castro Perra Approved Liquid Eyeliners Individual,$3
Murillo Twins Vol. 2 - Double Take Hand Held Mirror,$12
Murillo Twins Vol. 2 - PR + Woven Tote Bag,$99
Murillo Twins Vol. 2 - Woven Tote Bag,$20
Murillo Twins Vol. 2 - PR,$89
Murillo Twins Vol. 2 - LOVE ME NUDE Lip Kit,$19
Murillo Twins Vol. 2 - FIRE & DESIRE Lashes,$16
Murillo Twins Vol. 2 - TWINTUTION Eyeliners,$12
Murillo Twins Vol. 2 - CHEEK CHECK Blush Sticks,$16
Murillo Twins Vol. 2 - Define Me Contour Sticks,$16
Rosy McMichael Vol 2 Cosmetic Bag,$12
Rosy McMichael Vol 2 Bundle,$50
Louie Castro Snatched Water Resistant Liner Duo,$10
Rosy McMichael Vol 2 PR,$69
ROSY MCMICHAEL VOL 2 - The Not-So Classic Kit,$19
ROSY MCMICHAEL VOL 2 - The Liquid Chrome Trio,$10
ROSY MCMICHAEL VOL 2 - Pink Dream Blushes,$18
ROSY McMICHAEL VOL 2 - Rosy's Highlighters,$18
ROSY MCMICHAEL VOL 2 - The Every Other Day Palette,$30
Luis Torres Vol 2 PR Box,$66
Luis Torres Vol 2 Overdressed Shadow Palette,$27
Luis Torres Vol 2 My Essentials Shadow Sponge Sticks,$7
Luis Torres Vol 2 It's a Vibe Face Palette,$22
Luis Torres Vol 2 True Treasures Cream Shadow Crayons,$7
Louie Castro Lip Trio Bundle,$20
Louie Castro PR Box,$59.40
Louie Castro Fuego Lip Trio,$19
Louie Castro Latina Lip Trio,$19
Louie Castro Full Perra Potential Faux Mink Lashes,$16
Louie Castro The Baddest Perra Shadow Palette,$26
Louie Castro The Chi Chi Blenders Duo,$12
YeriMua Collection Bundle,$35
YeriMua Shadow and Face Palette,$20
YeriMua Bad B*tch Lip Duo,$12
YeriMua Unique Setting Spray,$10
YeriMua My Faves Lip Trio,$16
YeriMua PR Box,$79
LesDoMakeup Lip Trio Bundle,$22.80
LesDoMakeup Mi Vida Lip Trio,$19
LesDoMakeup My City Lip Trio,$19
Rosy McMichael The Lash Trio,$8
Brittany's Eyeshadow Palette - Murillo Twins Vol. 1,$8
Brittany's Lip Drip - Murillo Twins Vol. 1,$12
Bratz X Beauty Creations Girls Nite Full Collection,$125
Bratz x Beauty Creations Lip Oil Bundle,$32
My Little Pony x Beauty Creations Assortment Bundle,$33
My Little Pony x Beauty Creations Lip & Face Bundle,$39.60
The Travel Pink Bag,$12
My Little Pony x Beauty Creations Lip & Eye Bundle,$28.20
LesDoMakeup 4-Piece Bundle,$30
Bratz x Beauty Creations Girls Nite Collection,$110
